{
  "timestamp": "2026-04-26T13:00:04.364274",
  "device": "cpu",
  "n_gallery": 1000,
  "n_queries": 1000,
  "n_passes": 3,
  "stochastic": true,
  "text_to_image": {
    "per_pass": [
      {
        "R@1": 0.0,
        "RndR@1": 0.001,
        "Lift@1": 0.0,
        "R@5": 0.006,
        "RndR@5": 0.005,
        "Lift@5": 1.2,
        "R@10": 0.014,
        "RndR@10": 0.01,
        "Lift@10": 1.4,
        "MRR": 0.007412589683061917,
        "MedR": 528.5,
        "MeanR": 499.102
      },
      {
        "R@1": 0.0,
        "RndR@1": 0.001,
        "Lift@1": 0.0,
        "R@5": 0.001,
        "RndR@5": 0.005,
        "Lift@5": 0.2,
        "R@10": 0.011,
        "RndR@10": 0.01,
        "Lift@10": 1.0999999999999999,
        "MRR": 0.006509678041464065,
        "MedR": 509.0,
        "MeanR": 496.016
      },
      {
        "R@1": 0.0,
        "RndR@1": 0.001,
        "Lift@1": 0.0,
        "R@5": 0.004,
        "RndR@5": 0.005,
        "Lift@5": 0.8,
        "R@10": 0.012,
        "RndR@10": 0.01,
        "Lift@10": 1.2,
        "MRR": 0.006785998475488819,
        "MedR": 505.5,
        "MeanR": 499.874
      }
    ],
    "mean": {
      "R@1": 0.0,
      "RndR@1": 0.001,
      "Lift@1": 0.0,
      "R@5": 0.0036666666666666666,
      "RndR@5": 0.005,
      "Lift@5": 0.7333333333333334,
      "R@10": 0.012333333333333335,
      "RndR@10": 0.01,
      "Lift@10": 1.2333333333333334,
      "MRR": 0.0069027554000049346,
      "MedR": 514.3333333333334,
      "MeanR": 498.3306666666667
    },
    "std": {
      "R@1": 0.0,
      "RndR@1": 0.0,
      "Lift@1": 0.0,
      "R@5": 0.0020548046676563255,
      "RndR@5": 0.0,
      "Lift@5": 0.4109609335312651,
      "R@10": 0.0012472191289246474,
      "RndR@10": 0.0,
      "Lift@10": 0.12472191289246473,
      "MRR": 0.00037774461628643406,
      "MedR": 10.118739491107027,
      "MeanR": 1.666784795813646
    }
  },
  "image_to_text": {
    "per_pass": [
      {
        "R@1": 0.0,
        "RndR@1": 0.001,
        "Lift@1": 0.0,
        "R@5": 0.005,
        "RndR@5": 0.005,
        "Lift@5": 1.0,
        "R@10": 0.008,
        "RndR@10": 0.01,
        "Lift@10": 0.8,
        "MRR": 0.004742507938869337,
        "MedR": 1000.0,
        "MeanR": 857.209
      },
      {
        "R@1": 0.001,
        "RndR@1": 0.001,
        "Lift@1": 1.0,
        "R@5": 0.005,
        "RndR@5": 0.005,
        "Lift@5": 1.0,
        "R@10": 0.009,
        "RndR@10": 0.01,
        "Lift@10": 0.8999999999999999,
        "MRR": 0.004972226152051115,
        "MedR": 1000.0,
        "MeanR": 857.613
      },
      {
        "R@1": 0.001,
        "RndR@1": 0.001,
        "Lift@1": 1.0,
        "R@5": 0.004,
        "RndR@5": 0.005,
        "Lift@5": 0.8,
        "R@10": 0.008,
        "RndR@10": 0.01,
        "Lift@10": 0.8,
        "MRR": 0.004589848602992328,
        "MedR": 1000.0,
        "MeanR": 856.576
      }
    ],
    "mean": {
      "R@1": 0.0006666666666666666,
      "RndR@1": 0.001,
      "Lift@1": 0.6666666666666666,
      "R@5": 0.004666666666666667,
      "RndR@5": 0.005,
      "Lift@5": 0.9333333333333332,
      "R@10": 0.008333333333333333,
      "RndR@10": 0.01,
      "Lift@10": 0.8333333333333334,
      "MRR": 0.00476819423130426,
      "MedR": 1000.0,
      "MeanR": 857.1326666666668
    },
    "std": {
      "R@1": 0.0004714045207910317,
      "RndR@1": 0.0,
      "Lift@1": 0.4714045207910317,
      "R@5": 0.0004714045207910317,
      "RndR@5": 0.0,
      "Lift@5": 0.09428090415820632,
      "R@10": 0.00047140452079103126,
      "RndR@10": 0.0,
      "Lift@10": 0.047140452079103105,
      "MRR": 0.00015715806633310444,
      "MedR": 0.0,
      "MeanR": 0.42678045357720257
    }
  }
}